{
    "name": "get_messages",
    "roles": [
        "get_messages"
    ],
    "lookups": [
        "keywords"
    ],
    "keywords": [
        {
            "keyword": "Buckys Badger Den",
            "synonyms": [
                "Buckys Badger Den",
                "buckys",
                "buckys badger"
            ]
        },
        {
            "keyword": "Engineering Hall Exchange",
            "synonyms": [
                "Engineering Hall Exchange",
                "engineering",
                "engineering hall"
            ]
        },
        {
            "keyword": "Grainger Hall Gatherings",
            "synonyms": [
                "Grainger Hall Gatherings",
                "grainger",
                "grainger hall"
            ]
        },
        {
            "keyword": "Kohl Center Kudos",
            "synonyms": [
                "Kohl Center Kudos",
                "kohl",
                "kohl center"
            ]
        },
        {
            "keyword": "Lakeshore Path Pioneers",
            "synonyms": [
                "Lakeshore Path Pioneers",
                "lakeshore",
                "lakeshore path"
            ]
        },
        {
            "keyword": "Picnic Point Pathfinder",
            "synonyms": [
                "picnic",
                "picnic point",
                "picnic point pathfinder"
            ]
        },
        {
            "keyword": "Science Hall Scholars",
            "synonyms": [
                "Science Hall Scholars",
                "science",
                "science hall"
            ]
        },
        {
            "keyword": "Union South Socials",
            "synonyms": [
                "union",
                "union south",
                "union south socials"
            ]
        }
    ]
}
