{
    "utterances": [
        {
            "text": "REGISTER",
            "entities": [
                {
                    "entity": "register:register",
                    "start": 0,
                    "end": 8,
                    "body": "REGISTER",
                    "entities": []
                }
            ],
            "traits": [],
            "intent": "register"
        },
        {
            "text": "add a post",
            "entities": [
                {
                    "entity": "create_message:create_message",
                    "start": 0,
                    "end": 3,
                    "body": "add",
                    "entities": []
                },
                {
                    "entity": "create_message:create_message",
                    "start": 6,
                    "end": 10,
                    "body": "post",
                    "entities": []
                }
            ],
            "traits": [],
            "intent": "create_message"
        },
        {
            "text": "add a post to kohl center",
            "entities": [
                {
                    "entity": "create_message:create_message",
                    "start": 0,
                    "end": 3,
                    "body": "add",
                    "entities": []
                },
                {
                    "entity": "create_message:create_message",
                    "start": 6,
                    "end": 10,
                    "body": "post",
                    "entities": []
                },
                {
                    "entity": "get_messages:get_messages",
                    "start": 14,
                    "end": 25,
                    "body": "kohl center",
                    "entities": []
                }
            ],
            "traits": [],
            "intent": "create_message"
        },
        {
            "text": "am i logged in",
            "entities": [],
            "traits": [],
            "intent": "whoami"
        },
        {
            "text": "chatroom",
            "entities": [
                {
                    "entity": "get_chatrooms:get_chatrooms",
                    "start": 0,
                    "end": 8,
                    "body": "chatroom",
                    "entities": []
                }
            ],
            "traits": [],
            "intent": "get_chatrooms"
        },
        {
            "text": "chatrooms",
            "entities": [
                {
                    "entity": "get_chatrooms:get_chatrooms",
                    "start": 0,
                    "end": 9,
                    "body": "chatrooms",
                    "entities": []
                }
            ],
            "traits": [],
            "intent": "get_chatrooms"
        },
        {
            "text": "create a post",
            "entities": [
                {
                    "entity": "create_message:create_message",
                    "start": 0,
                    "end": 6,
                    "body": "create",
                    "entities": []
                },
                {
                    "entity": "create_message:create_message",
                    "start": 9,
                    "end": 13,
                    "body": "post",
                    "entities": []
                }
            ],
            "traits": [],
            "intent": "create_message"
        },
        {
            "text": "get 3 posts from union south",
            "entities": [
                {
                    "entity": "wit$number:number",
                    "start": 4,
                    "end": 5,
                    "body": "3",
                    "entities": []
                },
                {
                    "entity": "get_messages:get_messages",
                    "start": 17,
                    "end": 28,
                    "body": "union south",
                    "entities": []
                }
            ],
            "traits": [],
            "intent": "get_messages"
        },
        {
            "text": "get help",
            "entities": [
                {
                    "entity": "get_help:get_help",
                    "start": 4,
                    "end": 8,
                    "body": "help",
                    "entities": []
                }
            ],
            "traits": [],
            "intent": "get_help"
        },
        {
            "text": "get latest 3 messages",
            "entities": [
                {
                    "entity": "wit$number:number",
                    "start": 11,
                    "end": 12,
                    "body": "3",
                    "entities": []
                }
            ],
            "traits": [],
            "intent": "get_messages"
        },
        {
            "text": "get latest 3 messages from union south",
            "entities": [
                {
                    "entity": "get_messages:get_messages",
                    "start": 27,
                    "end": 38,
                    "body": "union south",
                    "entities": []
                },
                {
                    "entity": "wit$number:number",
                    "start": 11,
                    "end": 12,
                    "body": "3",
                    "entities": []
                }
            ],
            "traits": [],
            "intent": "get_messages"
        },
        {
            "text": "get latest 3 posts",
            "entities": [
                {
                    "entity": "wit$number:number",
                    "start": 11,
                    "end": 12,
                    "body": "3",
                    "entities": []
                }
            ],
            "traits": [],
            "intent": "get_messages"
        },
        {
            "text": "get me latest 3 posts from grainger",
            "entities": [
                {
                    "entity": "wit$number:number",
                    "start": 14,
                    "end": 15,
                    "body": "3",
                    "entities": []
                },
                {
                    "entity": "get_messages:get_messages",
                    "start": 27,
                    "end": 35,
                    "body": "grainger",
                    "entities": []
                }
            ],
            "traits": [],
            "intent": "get_messages"
        },
        {
            "text": "give me 1 post from south socials",
            "entities": [
                {
                    "entity": "wit$number:number",
                    "start": 8,
                    "end": 9,
                    "body": "1",
                    "entities": []
                }
            ],
            "traits": [],
            "intent": "get_messages"
        },
        {
            "text": "give me the 4 latest posts",
            "entities": [
                {
                    "entity": "wit$number:number",
                    "start": 12,
                    "end": 13,
                    "body": "4",
                    "entities": []
                }
            ],
            "traits": [],
            "intent": "get_messages"
        },
        {
            "text": "give me the latest 4 posts",
            "entities": [
                {
                    "entity": "wit$number:number",
                    "start": 19,
                    "end": 20,
                    "body": "4",
                    "entities": []
                }
            ],
            "traits": [],
            "intent": "get_messages"
        },
        {
            "text": "help",
            "entities": [
                {
                    "entity": "get_help:get_help",
                    "start": 0,
                    "end": 4,
                    "body": "help",
                    "entities": []
                }
            ],
            "traits": [],
            "intent": "get_help"
        },
        {
            "text": "hnboiesrnghioedrugh",
            "entities": [],
            "traits": []
        },
        {
            "text": "i want an account",
            "entities": [],
            "traits": [],
            "intent": "register"
        },
        {
            "text": "i want to make a new account",
            "entities": [],
            "traits": [],
            "intent": "register"
        },
        {
            "text": "i want to register an account",
            "entities": [
                {
                    "entity": "register:register",
                    "start": 10,
                    "end": 18,
                    "body": "register",
                    "entities": []
                }
            ],
            "traits": [],
            "intent": "register"
        },
        {
            "text": "log in",
            "entities": [
                {
                    "entity": "login:login",
                    "start": 0,
                    "end": 6,
                    "body": "log in",
                    "entities": []
                }
            ],
            "traits": [],
            "intent": "login"
        },
        {
            "text": "log me in",
            "entities": [],
            "traits": [],
            "intent": "login"
        },
        {
            "text": "log me out",
            "entities": [
                {
                    "entity": "logout:logout",
                    "start": 0,
                    "end": 10,
                    "body": "log me out",
                    "entities": []
                }
            ],
            "traits": [],
            "intent": "logout"
        },
        {
            "text": "log out",
            "entities": [],
            "traits": [],
            "intent": "logout"
        },
        {
            "text": "login",
            "entities": [
                {
                    "entity": "login:login",
                    "start": 0,
                    "end": 5,
                    "body": "login",
                    "entities": []
                }
            ],
            "traits": [],
            "intent": "login"
        },
        {
            "text": "logout",
            "entities": [
                {
                    "entity": "logout:logout",
                    "start": 0,
                    "end": 6,
                    "body": "logout",
                    "entities": []
                }
            ],
            "traits": [],
            "intent": "logout"
        },
        {
            "text": "make a post in union south socials",
            "entities": [
                {
                    "entity": "get_messages:get_messages",
                    "start": 15,
                    "end": 26,
                    "body": "union south",
                    "entities": []
                },
                {
                    "entity": "create_message:create_message",
                    "start": 0,
                    "end": 4,
                    "body": "make",
                    "entities": []
                },
                {
                    "entity": "create_message:create_message",
                    "start": 7,
                    "end": 11,
                    "body": "post",
                    "entities": []
                }
            ],
            "traits": [],
            "intent": "create_message"
        },
        {
            "text": "messages",
            "entities": [],
            "traits": [],
            "intent": "get_messages"
        },
        {
            "text": "need help",
            "entities": [
                {
                    "entity": "get_help:get_help",
                    "start": 5,
                    "end": 9,
                    "body": "help",
                    "entities": []
                }
            ],
            "traits": [],
            "intent": "get_help"
        },
        {
            "text": "pls help me",
            "entities": [
                {
                    "entity": "get_help:get_help",
                    "start": 4,
                    "end": 8,
                    "body": "help",
                    "entities": []
                }
            ],
            "traits": [],
            "intent": "get_help"
        },
        {
            "text": "post a message to picnic point pathfinders",
            "entities": [
                {
                    "entity": "create_message:create_message",
                    "start": 0,
                    "end": 4,
                    "body": "post",
                    "entities": []
                },
                {
                    "entity": "get_messages:get_messages",
                    "start": 18,
                    "end": 41,
                    "body": "picnic point pathfinder",
                    "entities": []
                }
            ],
            "traits": [],
            "intent": "create_message"
        },
        {
            "text": "register",
            "entities": [
                {
                    "entity": "register:register",
                    "start": 0,
                    "end": 8,
                    "body": "register",
                    "entities": []
                }
            ],
            "traits": [],
            "intent": "register"
        },
        {
            "text": "sign in",
            "entities": [
                {
                    "entity": "login:login",
                    "start": 0,
                    "end": 7,
                    "body": "sign in",
                    "entities": []
                }
            ],
            "traits": [],
            "intent": "login"
        },
        {
            "text": "sign me in",
            "entities": [],
            "traits": [],
            "intent": "login"
        },
        {
            "text": "sign me out",
            "entities": [],
            "traits": [],
            "intent": "logout"
        },
        {
            "text": "sign me up",
            "entities": [],
            "traits": [],
            "intent": "register"
        },
        {
            "text": "sign out",
            "entities": [
                {
                    "entity": "logout:logout",
                    "start": 0,
                    "end": 8,
                    "body": "sign out",
                    "entities": []
                }
            ],
            "traits": [],
            "intent": "logout"
        },
        {
            "text": "sign up",
            "entities": [
                {
                    "entity": "register:register",
                    "start": 0,
                    "end": 7,
                    "body": "sign up",
                    "entities": []
                }
            ],
            "traits": [],
            "intent": "register"
        },
        {
            "text": "view chatrooms",
            "entities": [
                {
                    "entity": "get_chatrooms:get_chatrooms",
                    "start": 5,
                    "end": 14,
                    "body": "chatrooms",
                    "entities": []
                }
            ],
            "traits": [],
            "intent": "get_chatrooms"
        },
        {
            "text": "what am i logged in as",
            "entities": [],
            "traits": [],
            "intent": "whoami"
        },
        {
            "text": "what are the 4 latest posts in Union South Socials",
            "entities": [
                {
                    "entity": "get_messages:get_messages",
                    "start": 31,
                    "end": 50,
                    "body": "Union South Socials",
                    "entities": []
                },
                {
                    "entity": "wit$number:number",
                    "start": 13,
                    "end": 14,
                    "body": "4",
                    "entities": []
                }
            ],
            "traits": [],
            "intent": "get_messages"
        },
        {
            "text": "what are the latest 2 latest posts in Union South Socials",
            "entities": [
                {
                    "entity": "wit$number:number",
                    "start": 20,
                    "end": 21,
                    "body": "2",
                    "entities": []
                },
                {
                    "entity": "get_messages:get_messages",
                    "start": 38,
                    "end": 57,
                    "body": "Union South Socials",
                    "entities": []
                }
            ],
            "traits": [],
            "intent": "get_messages"
        },
        {
            "text": "what can i do",
            "entities": [],
            "traits": [],
            "intent": "get_help"
        },
        {
            "text": "what can i do in BadgerChat",
            "entities": [],
            "traits": [],
            "intent": "get_help"
        },
        {
            "text": "what chatroom is there",
            "entities": [
                {
                    "entity": "get_chatrooms:get_chatrooms",
                    "start": 5,
                    "end": 13,
                    "body": "chatroom",
                    "entities": []
                }
            ],
            "traits": [],
            "intent": "get_chatrooms"
        },
        {
            "text": "what chatrooms are there",
            "entities": [
                {
                    "entity": "get_chatrooms:get_chatrooms",
                    "start": 5,
                    "end": 14,
                    "body": "chatrooms",
                    "entities": []
                }
            ],
            "traits": [],
            "intent": "get_chatrooms"
        },
        {
            "text": "what chatrooms can i use",
            "entities": [
                {
                    "entity": "get_chatrooms:get_chatrooms",
                    "start": 5,
                    "end": 14,
                    "body": "chatrooms",
                    "entities": []
                }
            ],
            "traits": [],
            "intent": "get_chatrooms"
        },
        {
            "text": "whats my logged in name",
            "entities": [],
            "traits": [],
            "intent": "whoami"
        },
        {
            "text": "whats my name",
            "entities": [],
            "traits": [],
            "intent": "whoami"
        },
        {
            "text": "which chatrooms are available",
            "entities": [
                {
                    "entity": "get_chatrooms:get_chatrooms",
                    "start": 6,
                    "end": 15,
                    "body": "chatrooms",
                    "entities": []
                }
            ],
            "traits": [],
            "intent": "get_chatrooms"
        },
        {
            "text": "which chatrooms can i use",
            "entities": [
                {
                    "entity": "get_chatrooms:get_chatrooms",
                    "start": 6,
                    "end": 15,
                    "body": "chatrooms",
                    "entities": []
                }
            ],
            "traits": [],
            "intent": "get_chatrooms"
        },
        {
            "text": "which chatrooms can i view",
            "entities": [
                {
                    "entity": "get_chatrooms:get_chatrooms",
                    "start": 6,
                    "end": 15,
                    "body": "chatrooms",
                    "entities": []
                }
            ],
            "traits": [],
            "intent": "get_chatrooms"
        },
        {
            "text": "who am I",
            "entities": [],
            "traits": [],
            "intent": "whoami"
        },
        {
            "text": "who am i logged in as",
            "entities": [],
            "traits": [],
            "intent": "login"
        }
    ]
}
